Client- from 11/21,Domain,Cancelled? (as of 12/15),Content Services?,UA?,After  Google Ranking,After  Google Change,After  Google Mobile Ranking,After  Google Mobile Ranking Change,After  Bing Ranking,After  Bing Ranking Change,After  Total Keywords,After  Google Ranking 1,After  Google Ranking 1 Percentage,After  Google Ranking 1-3,After  Google Ranking 1-3 Percentage,After  Google Ranking 1-10,After  Google Ranking 1-10 Percentage,After  Google Mobile Ranking 1,After  Google Mobile Ranking 1 Percentage,After  Google Mobile Ranking 1-3,After  Google Mobile Ranking 1-3 Percentage,After  Google Mobile Ranking 1-10,After  Google Mobile Ranking 1-10 Percentage,After  Bing Ranking 1,After  Bing Ranking 1 Percentage,After  Bing Ranking 1-3,After  Bing Ranking 1-3 Percentage,After  Bing Ranking 1-10,After  Bing Ranking 1-10 Percentage,Before Google Ranking,Before Google Change,Before Google Mobile Ranking,Before Google Mobile Ranking Change,Before Bing Ranking,Before Bing Ranking Change,Before Total Keywords,Before Google Ranking 1,Before Google Ranking 1 Percentage,Before Google Ranking 1-3,Before Google Ranking 1-3 Percentage,Before Google Ranking 1-10,Before Google Ranking 1-10 Percentage,Before Google Mobile Ranking 1,Before Google Mobile Ranking 1 Percentage,Before Google Mobile Ranking 1-3,Before Google Mobile Ranking 1-3 Percentage,Before Google Mobile Ranking 1-10,Before Google Mobile Ranking 1-10 Percentage,Before Bing Ranking 1,Before Bing Ranking 1 Percentage,Before Bing Ranking 1-3,Before Bing Ranking 1-3 Percentage,Before Bing Ranking 1-10,Before Bing Ranking 1-10 Percentage,Percent Change  Google Ranking,Percent Change  Google Change,Percent Change  Google Mobile Ranking,Percent Change  Google Mobile Ranking Change,Percent Change  Bing Ranking,Percent Change  Bing Ranking Change,Percent Change  Total Keywords,Percent Change  Google Ranking 1,Percent Change  Google Ranking 1 Percentage,Percent Change  Google Ranking 1-3,Percent Change  Google Ranking 1-3 Percentage,Percent Change  Google Ranking 1-10,Percent Change  Google Ranking 1-10 Percentage,Percent Change  Google Mobile Ranking 1,Percent Change  Google Mobile Ranking 1 Percentage,Percent Change  Google Mobile Ranking 1-3,Percent Change  Google Mobile Ranking 1-3 Percentage,Percent Change  Google Mobile Ranking 1-10,Percent Change  Google Mobile Ranking 1-10 Percentage,Percent Change  Bing Ranking 1,Percent Change  Bing Ranking 1 Percentage,Percent Change  Bing Ranking 1-3,Percent Change  Bing Ranking 1-3 Percentage,Percent Change  Bing Ranking 1-10,Percent Change  Bing Ranking 1-10 Percentage
7220 Consulting,https://www.7220consulting.com/,No,Yes,UA,9.373134328,10.97014925,9.014925373,27.28358209,3,0.2388059701,67,15,0.223880597,18,0.2686567164,51,0.7611940299,18,0.2686567164,24,0.3582089552,51,0.7611940299,32,0.4776119403,43,0.6417910448,63,0.9402985075,6.597014925,3.194029851,6.701492537,0,3.850746269,1.671641791,67,23,0.3432835821,26,0.3880597015,56,0.8358208955,36,0.5373134328,36,0.5373134328,52,0.776119403,34,0.5074626866,43,0.6417910448,62,0.9253731343,1.42081448,3.434579439,1.345211581,#DIV/0!,0.7790697674,0.1428571429,1,0.652173913,0.652173913,0.6923076923,0.6923076923,0.9107142857,0.9107142857,0.5,0.5,0.6666666667,0.6666666667,0.9807692308,0.9807692308,0.9411764706,0.9411764706,1,1,1.016129032,1.016129032
Advanced Premises Systems,https://www.apslink.com/,No,Yes,GA4,12.17391304,83.54347826,11.19565217,52.08695652,1.956521739,13.56521739,46,2,0.04347826087,4,0.08695652174,26,0.5652173913,4,0.08695652174,8,0.1739130435,28,0.6086956522,34,0.7391304348,38,0.8260869565,42,0.9130434783,1.591836735,0,0.387755102,0,0.1428571429,0,49,45,0.9183673469,46,0.9387755102,48,0.9795918367,46,0.9387755102,46,0.9387755102,49,1,47,0.9591836735,48,0.9795918367,49,1,7.647714604,#DIV/0!,28.87299771,#DIV/0!,13.69565217,#DIV/0!,0.9387755102,0.04444444444,0.04734299517,0.08695652174,0.09262759924,0.5416666667,0.5769927536,0.08695652174,0.09262759924,0.1739130435,0.1852551985,0.5714285714,0.6086956522,0.7234042553,0.7705827937,0.7916666667,0.8432971014,0.8571428571,0.9130434783
Allied Home Technologies,https://www.ahttexas.com/,No,Yes,GA4,#DIV/0!,#DIV/0!,#DIV/0!,#DIV/0!,#DIV/0!,#DIV/0!,0,0,#DIV/0!,0,#DIV/0!,0,#DIV/0!,0,#DIV/0!,0,#DIV/0!,0,#DIV/0!,0,#DIV/0!,0,#DIV/0!,0,#DIV/0!,5.5,0,0,0,1.333333333,0,12,10,0.8333333333,10,0.8333333333,10,0.8333333333,12,1,12,1,12,1,11,0.9166666667,11,0.9166666667,11,0.9166666667,#DIV/0!,#DIV/0!,#DIV/0!,#DIV/0!,#DIV/0!,#DIV/0!,0,0,#DIV/0!,0,#DIV/0!,0,#DIV/0!,0,#DIV/0!,0,#DIV/0!,0,#DIV/0!,0,#DIV/0!,0,#DIV/0!,0,#DIV/0!
Anchor home security,https://anchorhometech.com/,No,No,UA,13.68965517,70.10344828,10.65517241,-1.896551724,1.793103448,8.793103448,29,4,0.1379310345,5,0.1724137931,14,0.4827586207,6,0.2068965517,6,0.2068965517,17,0.5862068966,22,0.7586206897,23,0.7931034483,28,0.9655172414,0.2068965517,0,0,0,0.03448275862,0,29,28,0.9655172414,28,0.9655172414,29,1,29,1,29,1,29,1,29,1,29,1,29,1,66.16666667,#DIV/0!,#DIV/0!,#DIV/0!,52,#DIV/0!,1,0.1428571429,0.1428571429,0.1785714286,0.1785714286,0.4827586207,0.4827586207,0.2068965517,0.2068965517,0.2068965517,0.2068965517,0.5862068966,0.5862068966,0.7586206897,0.7586206897,0.7931034483,0.7931034483,0.9655172414,0.9655172414
Andrus Smart Technologies,https://www.andrussmarttech.com/,No,Yes,UA,11.33333333,23.83333333,10.25,27.05,3.175,12.4,120,26,0.2166666667,30,0.25,84,0.7,24,0.2,36,0.3,88,0.7333333333,76,0.6333333333,84,0.7,107,0.8916666667,16.95833333,4.375,15.2,4,3.558333333,-3.475,120,29,0.2416666667,36,0.3,66,0.55,31,0.2583333333,36,0.3,68,0.5666666667,96,0.8,97,0.8083333333,101,0.8416666667,0.6683046683,5.447619048,0.6743421053,6.7625,0.8922716628,-3.568345324,1,0.8965517241,0.8965517241,0.8333333333,0.8333333333,1.272727273,1.272727273,0.7741935484,0.7741935484,1,1,1.294117647,1.294117647,0.7916666667,0.7916666667,0.8659793814,0.8659793814,1.059405941,1.059405941
Applause Custom Sight and Sound,https://applausetheater.com/,No,Yes,UA,6.73125,1.1125,5.64375,1.84375,6.1125,1.15,160,29,0.18125,51,0.31875,145,0.90625,49,0.30625,87,0.54375,146,0.9125,40,0.25,61,0.38125,125,0.78125,6.88125,13.425,7.1625,1.0125,5.5875,9.85,160,31,0.19375,51,0.31875,144,0.9,34,0.2125,47,0.29375,143,0.89375,51,0.31875,77,0.48125,127,0.79375,0.9782016349,0.08286778399,0.7879581152,1.820987654,1.093959732,0.116751269,1,0.935483871,0.935483871,1,1,1.006944444,1.006944444,1.441176471,1.441176471,1.85106383,1.85106383,1.020979021,1.020979021,0.7843137255,0.7843137255,0.7922077922,0.7922077922,0.9842519685,0.9842519685
Assurance AV,https://www.facebook.com/assuranceav,No,No,GA4,2.666666667,12.87878788,2.545454545,15.81818182,1.333333333,17.21212121,33,27,0.8181818182,28,0.8484848485,31,0.9393939394,27,0.8181818182,29,0.8787878788,31,0.9393939394,28,0.8484848485,28,0.8484848485,33,1,0.2727272727,-0.0303030303,0,0,0,0,33,32,0.9696969697,32,0.9696969697,33,1,33,1,33,1,33,1,33,1,33,1,33,1,9.777777778,-425,#DIV/0!,#DIV/0!,#DIV/0!,#DIV/0!,1,0.84375,0.84375,0.875,0.875,0.9393939394,0.9393939394,0.8181818182,0.8181818182,0.8787878788,0.8787878788,0.9393939394,0.9393939394,0.8484848485,0.8484848485,0.8484848485,0.8484848485,1,1
Atlantic Smart Home,https://atlanticsmart.com/,No,No,GA4,27.75,15.875,0,0,1,-8.125,8,0,0,0,0,4,0.5,8,1,8,1,8,1,6,0.75,7,0.875,8,1,18.375,0,0,0,5.625,0,8,2,0.25,2,0.25,4,0.5,8,1,8,1,8,1,4,0.5,4,0.5,7,0.875,1.510204082,#DIV/0!,#DIV/0!,#DIV/0!,0.1777777778,#DIV/0!,1,0,0,0,0,1,1,1,1,1,1,1,1,1.5,1.5,1.75,1.75,1.142857143,1.142857143
Audio Video Experts MO,https://avexpertsstl.com/,No,Yes,GA4,15.27272727,54,13,5.090909091,0.9090909091,9.090909091,11,1,0.09090909091,2,0.1818181818,6,0.5454545455,2,0.1818181818,3,0.2727272727,6,0.5454545455,8,0.7272727273,9,0.8181818182,11,1,8.210526316,0,0,0,0.4210526316,0,19,15,0.7894736842,15,0.7894736842,15,0.7894736842,19,1,19,1,19,1,18,0.9473684211,18,0.9473684211,19,1,1.86013986,#DIV/0!,#DIV/0!,#DIV/0!,2.159090909,#DIV/0!,0.5789473684,0.06666666667,0.1151515152,0.1333333333,0.2303030303,0.4,0.6909090909,0.1052631579,0.1818181818,0.1578947368,0.2727272727,0.3157894737,0.5454545455,0.4444444444,0.7676767677,0.5,0.8636363636,0.5789473684,1
Aura Design,https://www.aura-design.ca/,No,Yes,GA4,9.939393939,5.287878788,9.075757576,3.424242424,2.196969697,-0.3181818182,66,20,0.303030303,23,0.3484848485,46,0.696969697,14,0.2121212121,19,0.2878787879,53,0.803030303,38,0.5757575758,54,0.8181818182,63,0.9545454545,10.43939394,9.212121212,10.96969697,0,4.03030303,10.39393939,66,17,0.2575757576,24,0.3636363636,46,0.696969697,8,0.1212121212,11,0.1666666667,44,0.6666666667,32,0.4848484848,40,0.6060606061,59,0.8939393939,0.9521044993,0.5740131579,0.8273480663,#DIV/0!,0.545112782,-0.0306122449,1,1.176470588,1.176470588,0.9583333333,0.9583333333,1,1,1.75,1.75,1.727272727,1.727272727,1.204545455,1.204545455,1.1875,1.1875,1.35,1.35,1.06779661,1.06779661
AV Specialists,https://avspecialists.com/,No,Yes,UA,7.913242009,0.1415525114,7.310502283,1.771689498,5.684931507,4.077625571,219,48,0.2191780822,76,0.3470319635,181,0.8264840183,65,0.296803653,104,0.4748858447,183,0.8356164384,36,0.1643835616,84,0.3835616438,187,0.8538812785,6.315068493,18.17351598,6.757990868,-0.803652968,4.867579909,13.03196347,219,51,0.2328767123,82,0.3744292237,195,0.8904109589,48,0.2191780822,77,0.3515981735,189,0.8630136986,111,0.5068493151,138,0.6301369863,185,0.8447488584,1.25307303,0.007788944724,1.081756757,-2.204545455,1.167917448,0.3128941836,1,0.9411764706,0.9411764706,0.9268292683,0.9268292683,0.9282051282,0.9282051282,1.354166667,1.354166667,1.350649351,1.350649351,0.9682539683,0.9682539683,0.3243243243,0.3243243243,0.6086956522,0.6086956522,1.010810811,1.010810811
Bethesda Systems,http://www.bethesdasystems.com/,No,Yes,GA4,7.609375,57.796875,7.640625,1.96875,3.84375,21.15625,64,16,0.25,21,0.328125,52,0.8125,16,0.25,25,0.390625,52,0.8125,28,0.4375,42,0.65625,57,0.890625,1.6875,1.078125,0,0,0.96875,-1.828125,64,50,0.78125,53,0.828125,60,0.9375,64,1,64,1,64,1,54,0.84375,58,0.90625,62,0.96875,4.509259259,53.60869565,#DIV/0!,#DIV/0!,3.967741935,-11.57264957,1,0.32,0.32,0.3962264151,0.3962264151,0.8666666667,0.8666666667,0.25,0.25,0.390625,0.390625,0.8125,0.8125,0.5185185185,0.5185185185,0.724137931,0.724137931,0.9193548387,0.9193548387
Beverly Hills,https://bhsmarthomes.com/,No,No,GA4,4.75,71,5.5,-1,3,35.25,4,1,0.25,1,0.25,4,1,1,0.25,1,0.25,4,1,1,0.25,2,0.5,4,1,0,0,0,0,0,0,4,4,1,4,1,4,1,4,1,4,1,4,1,4,1,4,1,4,1,#DIV/0!,#DIV/0!,#DIV/0!,#DIV/0!,#DIV/0!,#DIV/0!,1,0.25,0.25,0.25,0.25,1,1,0.25,0.25,0.25,0.25,1,1,0.25,0.25,0.5,0.5,1,1
Bob's Heating,https://www.bobsheating.com/,No,Yes,UA,5.084249084,-1.399267399,6.04029304,-1.80952381,4.84981685,-0.2820512821,273,73,0.2673992674,135,0.4945054945,243,0.8901098901,62,0.2271062271,106,0.3882783883,233,0.8534798535,82,0.3003663004,131,0.4798534799,246,0.9010989011,5.483516484,0.05128205128,4.252747253,-0.2051282051,5.128205128,0,273,61,0.2234432234,105,0.3846153846,254,0.9304029304,76,0.2783882784,119,0.4358974359,259,0.9487179487,87,0.3186813187,160,0.5860805861,234,0.8571428571,0.9271877088,-27.28571429,1.420327304,8.821428571,0.9457142857,#DIV/0!,1,1.196721311,1.196721311,1.285714286,1.285714286,0.9566929134,0.9566929134,0.8157894737,0.8157894737,0.8907563025,0.8907563025,0.8996138996,0.8996138996,0.9425287356,0.9425287356,0.81875,0.81875,1.051282051,1.051282051
Chelsea Audio Video,https://www.chelseaaudiovideo.com/,No,No,UA,#DIV/0!,#DIV/0!,#DIV/0!,#DIV/0!,#DIV/0!,#DIV/0!,0,0,#DIV/0!,0,#DIV/0!,0,#DIV/0!,0,#DIV/0!,0,#DIV/0!,0,#DIV/0!,0,#DIV/0!,0,#DIV/0!,0,#DIV/0!,#DIV/0!,#DIV/0!,#DIV/0!,#DIV/0!,#DIV/0!,#DIV/0!,0,0,#DIV/0!,0,#DIV/0!,0,#DIV/0!,0,#DIV/0!,0,#DIV/0!,0,#DIV/0!,0,#DIV/0!,0,#DIV/0!,0,#DIV/0!,#DIV/0!,#DIV/0!,#DIV/0!,#DIV/0!,#DIV/0!,#DIV/0!,#DIV/0!,#DIV/0!,#DIV/0!,#DIV/0!,#DIV/0!,#DIV/0!,#DIV/0!,#DIV/0!,#DIV/0!,#DIV/0!,#DIV/0!,#DIV/0!,#DIV/0!,#DIV/0!,#DIV/0!,#DIV/0!,#DIV/0!,#DIV/0!,#DIV/0!
Comware AV,https://comwareav.com/,No,Yes,UA,8.613333333,32.89333333,8.893333333,31.66666667,1.12,0.3866666667,75,30,0.4,35,0.4666666667,56,0.7466666667,32,0.4266666667,36,0.48,57,0.76,62,0.8266666667,66,0.88,72,0.96,0,0,0,0,0,0,75,75,1,75,1,75,1,75,1,75,1,75,1,75,1,75,1,75,1,#DIV/0!,#DIV/0!,#DIV/0!,#DIV/0!,#DIV/0!,#DIV/0!,1,0.4,0.4,0.4666666667,0.4666666667,0.7466666667,0.7466666667,0.4266666667,0.4266666667,0.48,0.48,0.76,0.76,0.8266666667,0.8266666667,0.88,0.88,0.96,0.96
Connect IT,http://theconnectcompany.com/,No,No,GA4,0,0,0,0,0,0,16,16,1,16,1,16,1,16,1,16,1,16,1,16,1,16,1,16,1,0,0,0,0,0,0,16,16,1,16,1,16,1,16,1,16,1,16,1,16,1,16,1,16,1,#DIV/0!,#DIV/0!,#DIV/0!,#DIV/0!,#DIV/0!,#DIV/0!,1,1,1,1,1,1,1,1,1,1,1,1,1,1,1,1,1,1,1
DES,www.des3s.com,No,No,UA,6.048780488,38.68292683,6,45.65853659,2.390243902,18.87804878,41,16,0.3902439024,23,0.5609756098,33,0.8048780488,19,0.4634146341,21,0.512195122,35,0.8536585366,22,0.5365853659,33,0.8048780488,39,0.9512195122,8.317073171,1.658536585,8.536585366,1.853658537,4.536585366,0.6097560976,41,31,0.756097561,31,0.756097561,31,0.756097561,28,0.6829268293,28,0.6829268293,28,0.6829268293,27,0.6585365854,30,0.7317073171,35,0.8536585366,0.7272727273,23.32352941,0.7028571429,24.63157895,0.5268817204,30.96,1,0.5161290323,0.5161290323,0.7419354839,0.7419354839,1.064516129,1.064516129,0.6785714286,0.6785714286,0.75,0.75,1.25,1.25,0.8148148148,0.8148148148,1.1,1.1,1.114285714,1.114285714
Devance,https://devance.tv/,No,Yes,UA,13.7195122,0.1829268293,14.04471545,0.6829268293,4.06504065,0.3902439024,246,72,0.2926829268,78,0.3170731707,142,0.5772357724,80,0.325203252,92,0.3739837398,146,0.593495935,143,0.581300813,159,0.6463414634,204,0.8292682927,11.14285714,18.6031746,11.17063492,0,4.630952381,5.833333333,252,92,0.3650793651,104,0.4126984127,171,0.6785714286,99,0.3928571429,113,0.4484126984,168,0.6666666667,161,0.6388888889,178,0.7063492063,211,0.8373015873,1.231238274,0.009833097478,1.257288914,#DIV/0!,0.8777979811,0.0668989547,0.9761904762,0.7826086957,0.8016967126,0.75,0.7682926829,0.8304093567,0.8506632435,0.8080808081,0.8277900961,0.814159292,0.8340168357,0.869047619,0.8902439024,0.8881987578,0.9098621421,0.893258427,0.9150452179,0.9668246445,0.9904057334
Diode Technologies,https://diodetech.net/,No,No,GA4,N/A,N/A,N/A,N/A,N/A,N/A,N/A,N/A,N/A,N/A,N/A,N/A,N/A,N/A,N/A,N/A,N/A,N/A,N/A,N/A,N/A,N/A,N/A,N/A,N/A,N/A,N/A,N/A,N/A,N/A,N/A,N/A,N/A,N/A,N/A,N/A,N/A,N/A,N/A,N/A,N/A,N/A,N/A,N/A,N/A,N/A,N/A,N/A,N/A,N/A,N/A,N/A,N/A,N/A,N/A,N/A,N/A,N/A,N/A,N/A,N/A,N/A,N/A,N/A,N/A,N/A,N/A,N/A,N/A,N/A,N/A,N/A,N/A,N/A,N/A
Eastern Time,https://eastern-time.com/,No,No,GA4,7.018867925,60.11320755,9.094339623,7.320754717,2.905660377,10.94339623,53,23,0.4339622642,30,0.5660377358,41,0.7735849057,21,0.3962264151,25,0.4716981132,40,0.7547169811,35,0.6603773585,38,0.7169811321,48,0.9056603774,4.327868852,-0.131147541,0.6721311475,0,0.9344262295,0.5245901639,61,52,0.8524590164,53,0.868852459,54,0.8852459016,59,0.9672131148,59,0.9672131148,60,0.9836065574,53,0.868852459,57,0.9344262295,59,0.9672131148,1.621783877,-458.3632075,13.53060285,#DIV/0!,3.109566369,20.86084906,0.868852459,0.4423076923,0.5090711176,0.5660377358,0.6514773941,0.7592592593,0.8738644305,0.3559322034,0.409657819,0.4237288136,0.4876878798,0.6666666667,0.7672955975,0.6603773585,0.7600569598,0.6666666667,0.7672955975,0.813559322,0.9363607291
Electronic Services & Concierge,https://escdenver.com/,No,No,UA,7.5,43.125,7.770833333,44.0625,2.1875,10.875,48,22,0.4583333333,25,0.5208333333,36,0.75,24,0.5,26,0.5416666667,36,0.75,36,0.75,40,0.8333333333,43,0.8958333333,5.333333333,-1.0625,5.270833333,-0.9166666667,1.083333333,-0.7708333333,48,41,0.8541666667,42,0.875,42,0.875,42,0.875,42,0.875,42,0.875,46,0.9583333333,46,0.9583333333,46,0.9583333333,1.40625,-40.58823529,1.4743083,-48.06818182,2.019230769,-14.10810811,1,0.5365853659,0.5365853659,0.5952380952,0.5952380952,0.8571428571,0.8571428571,0.5714285714,0.5714285714,0.619047619,0.619047619,0.8571428571,0.8571428571,0.7826086957,0.7826086957,0.8695652174,0.8695652174,0.9347826087,0.9347826087
Elektri,https://www.elektri.net/,No,No,UA,0,0,0,0,0,0,4,4,1,4,1,4,1,4,1,4,1,4,1,4,1,4,1,4,1,0,0,0,0,0,0,4,4,1,4,1,4,1,4,1,4,1,4,1,4,1,4,1,4,1,#DIV/0!,#DIV/0!,#DIV/0!,#DIV/0!,#DIV/0!,#DIV/0!,1,1,1,1,1,1,1,1,1,1,1,1,1,1,1,1,1,1,1
Elite automation,https://eliteautomation.us/,No,Yes,GA4,19.44117647,22.47058824,15.75,-0.3235294118,3.735294118,0.3529411765,68,14,0.2058823529,22,0.3235294118,31,0.4558823529,20,0.2941176471,28,0.4117647059,37,0.5441176471,38,0.5588235294,42,0.6176470588,60,0.8823529412,12.72058824,48.17647059,0,0,2.676470588,16.89705882,68,28,0.4117647059,30,0.4411764706,44,0.6470588235,68,1,68,1,68,1,43,0.6323529412,48,0.7058823529,63,0.9264705882,1.528323699,0.4664224664,#DIV/0!,#DIV/0!,1.395604396,0.02088772846,1,0.5,0.5,0.7333333333,0.7333333333,0.7045454545,0.7045454545,0.2941176471,0.2941176471,0.4117647059,0.4117647059,0.5441176471,0.5441176471,0.8837209302,0.8837209302,0.875,0.875,0.9523809524,0.9523809524
Elite Technology Solutions,https://elite1988.com/,No,Yes,UA,7.288235294,-0.5470588235,7.023529412,-2.035294118,3.952941176,-2.347058824,170,49,0.2882352941,65,0.3823529412,137,0.8058823529,71,0.4176470588,96,0.5647058824,135,0.7941176471,71,0.4176470588,91,0.5352941176,153,0.9,8.276470588,36.80588235,7.852941176,7.658823529,4.564705882,19.81764706,170,43,0.2529411765,52,0.3058823529,134,0.7882352941,45,0.2647058824,58,0.3411764706,134,0.7882352941,90,0.5294117647,110,0.6470588235,146,0.8588235294,0.8805970149,-0.01486335304,0.8943820225,-0.2657450077,0.8659793814,-0.1184327694,1,1.139534884,1.139534884,1.25,1.25,1.02238806,1.02238806,1.577777778,1.577777778,1.655172414,1.655172414,1.007462687,1.007462687,0.7888888889,0.7888888889,0.8272727273,0.8272727273,1.047945205,1.047945205
Enveron,http://enveronintegration.com/,No,No,GA4,0.5,24.75,0.75,-0.25,0.25,12.5,4,3,0.75,4,1,4,1,3,0.75,4,1,4,1,4,1,4,1,4,1,0,0,0,0,0,0,4,4,1,4,1,4,1,4,1,4,1,4,1,4,1,4,1,4,1,#DIV/0!,#DIV/0!,#DIV/0!,#DIV/0!,#DIV/0!,#DIV/0!,1,0.75,0.75,1,1,1,1,0.75,0.75,1,1,1,1,1,1,1,1,1,1
Environ SEO Setup,https://environenergy.com/,No,Yes,UA,13.33766234,21.51948052,11.53246753,13.53246753,0.6493506494,3.675324675,77,49,0.6363636364,52,0.6753246753,59,0.7662337662,54,0.7012987013,56,0.7272727273,61,0.7922077922,65,0.8441558442,74,0.961038961,76,0.987012987,6.38961039,6.701298701,2.766233766,0,0.4155844156,3.636363636,77,67,0.8701298701,68,0.8831168831,69,0.8961038961,71,0.9220779221,72,0.9350649351,72,0.9350649351,70,0.9090909091,75,0.974025974,77,1,2.087398374,3.21124031,4.169014085,#DIV/0!,1.5625,1.010714286,1,0.7313432836,0.7313432836,0.7647058824,0.7647058824,0.8550724638,0.8550724638,0.7605633803,0.7605633803,0.7777777778,0.7777777778,0.8472222222,0.8472222222,0.9285714286,0.9285714286,0.9866666667,0.9866666667,0.987012987,0.987012987
GHT Group SEO Setup,https://ghtgroup.com/,No,Yes,UA,6.047058824,-0.3680672269,5.67394958,1.497478992,3.769747899,2.070588235,595,184,0.3092436975,246,0.4134453782,498,0.8369747899,213,0.3579831933,309,0.5193277311,502,0.843697479,231,0.3882352941,367,0.6168067227,533,0.8957983193,5.455462185,47.08571429,6.778151261,14.45546218,3.43697479,15.28403361,595,194,0.3260504202,262,0.4403361345,520,0.8739495798,170,0.2857142857,220,0.3697478992,484,0.8134453782,283,0.4756302521,403,0.6773109244,533,0.8957983193,1.108441158,-0.007816961736,0.8370939747,0.1035926055,1.096821516,0.1354739389,1,0.9484536082,0.9484536082,0.9389312977,0.9389312977,0.9576923077,0.9576923077,1.252941176,1.252941176,1.404545455,1.404545455,1.037190083,1.037190083,0.816254417,0.816254417,0.9106699752,0.9106699752,1,1
H2 Audio Video,https://h2audiovideo.com/,No,No,GA4,N/A,N/A,N/A,N/A,N/A,N/A,N/A,N/A,N/A,N/A,N/A,N/A,N/A,N/A,N/A,N/A,N/A,N/A,N/A,N/A,N/A,N/A,N/A,N/A,N/A,N/A,N/A,N/A,N/A,N/A,N/A,N/A,N/A,N/A,N/A,N/A,N/A,N/A,N/A,N/A,N/A,N/A,N/A,N/A,N/A,N/A,N/A,N/A,N/A,N/A,N/A,N/A,N/A,N/A,N/A,N/A,N/A,N/A,N/A,N/A,N/A,N/A,N/A,N/A,N/A,N/A,N/A,N/A,N/A,N/A,N/A,N/A,N/A,N/A,N/A
Hi Solutions,https://www.hi.solutions,No,Yes,GA4,3.301204819,6,4.975903614,7.759036145,0.2289156627,1.795180723,83,73,0.8795180723,74,0.8915662651,77,0.9277108434,72,0.8674698795,72,0.8674698795,75,0.9036144578,79,0.9518072289,82,0.9879518072,82,0.9879518072,1.077922078,0,0.3051948052,0,0.0974025974,0,154,150,0.974025974,151,0.9805194805,151,0.9805194805,153,0.9935064935,153,0.9935064935,153,0.9935064935,153,0.9935064935,153,0.9935064935,153,0.9935064935,3.062563507,#DIV/0!,16.30402461,#DIV/0!,2.350200803,#DIV/0!,0.538961039,0.4866666667,0.9029718876,0.4900662252,0.9092795021,0.5099337748,0.9461421846,0.4705882353,0.8731396173,0.4705882353,0.8731396173,0.4901960784,0.9095204347,0.5163398693,0.9580281912,0.5359477124,0.9944090086,0.5359477124,0.9944090086
High Tech Solutions Panama,https://www.htspanama.com/,No,No,GA4,0,0,0,0,0,0,4,4,1,4,1,4,1,4,1,4,1,4,1,4,1,4,1,4,1,0,0,0,0,0,0,4,4,1,4,1,4,1,4,1,4,1,4,1,4,1,4,1,4,1,#DIV/0!,#DIV/0!,#DIV/0!,#DIV/0!,#DIV/0!,#DIV/0!,1,1,1,1,1,1,1,1,1,1,1,1,1,1,1,1,1,1,1
Home Theater Of Long Island,http://www.htoli.com/,No,Yes,UA,6.076023392,4.087719298,5.49122807,0.216374269,4.385964912,-4.251461988,171,60,0.350877193,72,0.4210526316,150,0.8771929825,82,0.4795321637,102,0.5964912281,152,0.8888888889,63,0.3684210526,90,0.5263157895,151,0.8830409357,7.602339181,20.7251462,0.5847953216,0,3.877192982,18.29824561,171,53,0.3099415205,73,0.4269005848,147,0.8596491228,166,0.9707602339,166,0.9707602339,169,0.9883040936,95,0.5555555556,126,0.7368421053,149,0.8713450292,0.7992307692,0.197234763,9.39,#DIV/0!,1.131221719,-0.2323426015,1,1.132075472,1.132075472,0.9863013699,0.9863013699,1.020408163,1.020408163,0.4939759036,0.4939759036,0.6144578313,0.6144578313,0.899408284,0.899408284,0.6631578947,0.6631578947,0.7142857143,0.7142857143,1.013422819,1.013422819
Hood Branco,https://www.hb-innovations.com/,No,Yes,UA,6.389830508,70.23728814,6.254237288,14.25423729,3.677966102,27.44067797,59,11,0.186440678,20,0.3389830508,50,0.8474576271,17,0.2881355932,26,0.4406779661,49,0.8305084746,25,0.4237288136,36,0.6101694915,53,0.8983050847,6.440677966,0,10.23728814,0,0.4406779661,0.4237288136,59,43,0.7288135593,44,0.7457627119,48,0.813559322,6,0.1016949153,11,0.186440678,39,0.6610169492,56,0.9491525424,57,0.9661016949,58,0.9830508475,0.9921052632,#DIV/0!,0.6109271523,#DIV/0!,8.346153846,64.76,1,0.2558139535,0.2558139535,0.4545454545,0.4545454545,1.041666667,1.041666667,2.833333333,2.833333333,2.363636364,2.363636364,1.256410256,1.256410256,0.4464285714,0.4464285714,0.6315789474,0.6315789474,0.9137931034,0.9137931034
ICC Automation,http://www.iccautomation.com/,No,No,GA4,3.333333333,-5.1,1.366666667,-9.833333333,0,-4.366666667,30,24,0.8,24,0.8,26,0.8666666667,26,0.8666666667,26,0.8666666667,28,0.9333333333,30,1,30,1,30,1,5.866666667,2.466666667,0,0,0.7333333333,0,30,20,0.6666666667,20,0.6666666667,23,0.7666666667,30,1,30,1,30,1,27,0.9,27,0.9,30,1,0.5681818182,-2.067567568,#DIV/0!,#DIV/0!,0,#DIV/0!,1,1.2,1.2,1.2,1.2,1.130434783,1.130434783,0.8666666667,0.8666666667,0.8666666667,0.8666666667,0.9333333333,0.9333333333,1.111111111,1.111111111,1.111111111,1.111111111,1,1
Intech Systems,https://intechsystems.net/,No,No,GA4,N/A,N/A,N/A,N/A,N/A,N/A,N/A,N/A,N/A,N/A,N/A,N/A,N/A,N/A,N/A,N/A,N/A,N/A,N/A,N/A,N/A,N/A,N/A,N/A,N/A,N/A,N/A,N/A,N/A,N/A,N/A,N/A,N/A,N/A,N/A,N/A,N/A,N/A,N/A,N/A,N/A,N/A,N/A,N/A,N/A,N/A,N/A,N/A,N/A,N/A,N/A,N/A,N/A,N/A,N/A,N/A,N/A,N/A,N/A,N/A,N/A,N/A,N/A,N/A,N/A,N/A,N/A,N/A,N/A,N/A,N/A,N/A,N/A,N/A,N/A
Launch Systems,https://launchav.com/,No,Yes,UA,7.6,-5.137142857,7.171428571,-4.851428571,5.542857143,-6.314285714,175,37,0.2114285714,60,0.3428571429,137,0.7828571429,41,0.2342857143,68,0.3885714286,142,0.8114285714,50,0.2857142857,80,0.4571428571,140,0.8,4.748571429,40.06285714,5.731428571,10.84571429,4.017142857,26.97714286,175,56,0.32,66,0.3771428571,162,0.9257142857,52,0.2971428571,53,0.3028571429,151,0.8628571429,49,0.28,106,0.6057142857,159,0.9085714286,1.600481348,-0.1282270717,1.251246261,-0.447312961,1.379800853,-0.2340605804,1,0.6607142857,0.6607142857,0.9090909091,0.9090909091,0.8456790123,0.8456790123,0.7884615385,0.7884615385,1.283018868,1.283018868,0.940397351,0.940397351,1.020408163,1.020408163,0.7547169811,0.7547169811,0.8805031447,0.8805031447
Luxo Automation,https://luxoautomation.com/,No,Yes,GA4,0,0,0,0,0,0,6,6,1,6,1,6,1,6,1,6,1,6,1,6,1,6,1,6,1,0,0,0,0,0,0,6,6,1,6,1,6,1,6,1,6,1,6,1,6,1,6,1,6,1,#DIV/0!,#DIV/0!,#DIV/0!,#DIV/0!,#DIV/0!,#DIV/0!,1,1,1,1,1,1,1,1,1,1,1,1,1,1,1,1,1,1,1
Mediahead,https://www.mediahead.co/,9-30-2022,Yes,UA,15.07894737,48.13157895,14.39473684,48.94736842,1.947368421,14.15789474,38,13,0.3421052632,14,0.3684210526,23,0.6052631579,13,0.3421052632,17,0.4473684211,23,0.6052631579,28,0.7368421053,32,0.8421052632,34,0.8947368421,3.947368421,12.5,4.078947368,10.78947368,0,0,38,31,0.8157894737,31,0.8157894737,33,0.8684210526,31,0.8157894737,31,0.8157894737,33,0.8684210526,38,1,38,1,38,1,3.82,3.850526316,3.529032258,4.536585366,#DIV/0!,#DIV/0!,1,0.4193548387,0.4193548387,0.4516129032,0.4516129032,0.696969697,0.696969697,0.4193548387,0.4193548387,0.5483870968,0.5483870968,0.696969697,0.696969697,0.7368421053,0.7368421053,0.8421052632,0.8421052632,0.8947368421,0.8947368421
National AV,www.nationalav.com,No,Yes,UA,17.40384615,26.03846154,17.53846154,28.38461538,0.7115384615,-2,52,16,0.3076923077,17,0.3269230769,28,0.5384615385,17,0.3269230769,21,0.4038461538,29,0.5576923077,45,0.8653846154,49,0.9423076923,51,0.9807692308,10.03846154,1.692307692,10.03846154,0.4230769231,0.5961538462,0.2307692308,52,36,0.6923076923,36,0.6923076923,43,0.8269230769,37,0.7115384615,37,0.7115384615,43,0.8269230769,46,0.8846153846,47,0.9038461538,52,1,1.733716475,15.38636364,1.747126437,67.09090909,1.193548387,-8.666666667,1,0.4444444444,0.4444444444,0.4722222222,0.4722222222,0.6511627907,0.6511627907,0.4594594595,0.4594594595,0.5675675676,0.5675675676,0.6744186047,0.6744186047,0.9782608696,0.9782608696,1.042553191,1.042553191,0.9807692308,0.9807692308
Phand Corporation,https://phand.ca/,No,No,UA,9.5,68.18421053,10.92105263,61.78947368,1.394736842,11.28947368,38,8,0.2105263158,11,0.2894736842,29,0.7631578947,9,0.2368421053,11,0.2894736842,31,0.8157894737,28,0.7368421053,33,0.8684210526,36,0.9473684211,3.921052632,-0.2368421053,6.473684211,0.1842105263,0.5263157895,-0.3421052632,38,32,0.8421052632,32,0.8421052632,32,0.8421052632,31,0.8157894737,31,0.8157894737,31,0.8157894737,37,0.9736842105,37,0.9736842105,37,0.9736842105,2.422818792,-287.8888889,1.68699187,335.4285714,2.65,-33,1,0.25,0.25,0.34375,0.34375,0.90625,0.90625,0.2903225806,0.2903225806,0.3548387097,0.3548387097,1,1,0.7567567568,0.7567567568,0.8918918919,0.8918918919,0.972972973,0.972972973
Pro Sound and Lighting,https://prosnl.com/,No,No,GA4,34.75,15.75,0,0,4.5,8.25,4,2,0.5,2,0.5,2,0.5,4,1,4,1,4,1,3,0.75,3,0.75,3,0.75,0,0,0,0,0,0,4,4,1,4,1,4,1,4,1,4,1,4,1,4,1,4,1,4,1,#DIV/0!,#DIV/0!,#DIV/0!,#DIV/0!,#DIV/0!,#DIV/0!,1,0.5,0.5,0.5,0.5,0.5,0.5,1,1,1,1,1,1,0.75,0.75,0.75,0.75,0.75,0.75
Real Tech,https://real.tech/,No,No,UA,14.77777778,44.93333333,15.93333333,0.1555555556,1.355555556,6.222222222,45,8,0.1777777778,10,0.2222222222,23,0.5111111111,8,0.1777777778,13,0.2888888889,23,0.5111111111,35,0.7777777778,37,0.8222222222,45,1,6.326086957,0.1739130435,1.413043478,0,1.869565217,0,46,32,0.6956521739,32,0.6956521739,35,0.7608695652,43,0.9347826087,43,0.9347826087,43,0.9347826087,41,0.8913043478,42,0.9130434783,43,0.9347826087,2.336006109,258.3666667,11.27589744,#DIV/0!,0.7250645995,#DIV/0!,0.9782608696,0.25,0.2555555556,0.3125,0.3194444444,0.6571428571,0.6717460317,0.1860465116,0.1901808786,0.3023255814,0.3090439276,0.5348837209,0.5467700258,0.8536585366,0.8726287263,0.880952381,0.9005291005,1.046511628,1.069767442
Residential Technology Systems,https://restechsystems.com/,No,Yes,UA,10.13043478,2.069565217,9.834782609,3.530434783,4.852173913,0.04347826087,115,25,0.2173913043,32,0.2782608696,74,0.6434782609,23,0.2,31,0.2695652174,73,0.6347826087,34,0.2956521739,63,0.547826087,93,0.8086956522,6.939130435,58.17391304,7.660869565,57.66086957,4.295652174,24.99130435,115,27,0.2347826087,35,0.3043478261,90,0.7826086957,24,0.2086956522,29,0.252173913,87,0.7565217391,50,0.4347826087,64,0.5565217391,98,0.852173913,1.459899749,0.0355754858,1.283768445,0.06122756749,1.129554656,0.00173973556,1,0.9259259259,0.9259259259,0.9142857143,0.9142857143,0.8222222222,0.8222222222,0.9583333333,0.9583333333,1.068965517,1.068965517,0.8390804598,0.8390804598,0.68,0.68,0.984375,0.984375,0.9489795918,0.9489795918
Secure Tonight,https://securetonight.com/,No,No,UA,N/A,N/A,N/A,N/A,N/A,N/A,N/A,N/A,N/A,N/A,N/A,N/A,N/A,N/A,N/A,N/A,N/A,N/A,N/A,N/A,N/A,N/A,N/A,N/A,N/A,N/A,N/A,N/A,N/A,N/A,N/A,N/A,N/A,N/A,N/A,N/A,N/A,N/A,N/A,N/A,N/A,N/A,N/A,N/A,N/A,N/A,N/A,N/A,N/A,N/A,N/A,N/A,N/A,N/A,N/A,N/A,N/A,N/A,N/A,N/A,N/A,N/A,N/A,N/A,N/A,N/A,N/A,N/A,N/A,N/A,N/A,N/A,N/A,N/A,N/A
Sights N Sound,http://hometheater.biz/,No,No,GA4,1.866666667,72.2,1.866666667,72.2,0.7333333333,16.26666667,15,11,0.7333333333,12,0.8,15,1,11,0.7333333333,12,0.8,15,1,11,0.7333333333,14,0.9333333333,15,1,0,0,0,0,0,0,15,15,1,15,1,15,1,15,1,15,1,15,1,15,1,15,1,15,1,#DIV/0!,#DIV/0!,#DIV/0!,#DIV/0!,#DIV/0!,#DIV/0!,1,0.7333333333,0.7333333333,0.8,0.8,1,1,0.7333333333,0.7333333333,0.8,0.8,1,1,0.7333333333,0.7333333333,0.9333333333,0.9333333333,1,1
Simpli-Fi AV,https://simpli-fiav.com/,No,No,UA,16.07843137,38.78431373,17.37254902,39.50980392,0.5882352941,-1.058823529,0,20,#DIV/0!,21,#DIV/0!,27,#DIV/0!,19,#DIV/0!,20,#DIV/0!,25,#DIV/0!,47,#DIV/0!,48,#DIV/0!,50,#DIV/0!,3.568627451,1.784313725,3.725490196,1.666666667,0.4509803922,-0.9215686275,0,45,#DIV/0!,45,#DIV/0!,47,#DIV/0!,45,#DIV/0!,45,#DIV/0!,47,#DIV/0!,48,#DIV/0!,48,#DIV/0!,50,#DIV/0!,4.505494505,21.73626374,4.663157895,23.70588235,1.304347826,1.14893617,#DIV/0!,0.4444444444,#DIV/0!,0.4666666667,#DIV/0!,0.5744680851,#DIV/0!,0.4222222222,#DIV/0!,0.4444444444,#DIV/0!,0.5319148936,#DIV/0!,0.9791666667,#DIV/0!,1,#DIV/0!,1,#DIV/0!
Skynet Security,https://www.skynetsecurity.com/,No,No,UA,5.25,-3.884615385,10.07692308,-0.1153846154,2.788461538,-6.25,52,29,0.5576923077,36,0.6923076923,45,0.8653846154,25,0.4807692308,27,0.5192307692,35,0.6730769231,40,0.7692307692,42,0.8076923077,43,0.8269230769,5.25,-4.519230769,0,0,1.442307692,7.038461538,52,32,0.6153846154,39,0.75,45,0.8653846154,52,1,52,1,52,1,38,0.7307692308,43,0.8269230769,52,1,1,0.8595744681,#DIV/0!,#DIV/0!,1.933333333,-0.8879781421,1,0.90625,0.90625,0.9230769231,0.9230769231,1,1,0.4807692308,0.4807692308,0.5192307692,0.5192307692,0.6730769231,0.6730769231,1.052631579,1.052631579,0.976744186,0.976744186,0.8269230769,0.8269230769
Sony Regional Page SEO,,No,No,UA,N/A,N/A,N/A,N/A,N/A,N/A,N/A,N/A,N/A,N/A,N/A,N/A,N/A,N/A,N/A,N/A,N/A,N/A,N/A,N/A,N/A,N/A,N/A,N/A,N/A,N/A,N/A,N/A,N/A,N/A,N/A,N/A,N/A,N/A,N/A,N/A,N/A,N/A,N/A,N/A,N/A,N/A,N/A,N/A,N/A,N/A,N/A,N/A,N/A,N/A,N/A,N/A,N/A,N/A,N/A,N/A,N/A,N/A,N/A,N/A,N/A,N/A,N/A,N/A,N/A,N/A,N/A,N/A,N/A,N/A,N/A,N/A,N/A,N/A,N/A
Sound and Vision Ohio,https://www.soundandvisionohio.com/,No,Yes,GA4,N/A,N/A,N/A,N/A,N/A,N/A,N/A,N/A,N/A,N/A,N/A,N/A,N/A,N/A,N/A,N/A,N/A,N/A,N/A,N/A,N/A,N/A,N/A,N/A,N/A,N/A,N/A,N/A,N/A,N/A,N/A,N/A,N/A,N/A,N/A,N/A,N/A,N/A,N/A,N/A,N/A,N/A,N/A,N/A,N/A,N/A,N/A,N/A,N/A,N/A,N/A,N/A,N/A,N/A,N/A,N/A,N/A,N/A,N/A,N/A,N/A,N/A,N/A,N/A,N/A,N/A,N/A,N/A,N/A,N/A,N/A,N/A,N/A,N/A,N/A
Soundwaves,http://www.s-waves.com/,No,Yes,UA,7.265957447,6.723404255,8.127659574,9.414893617,4.861702128,-7.180851064,94,23,0.2446808511,32,0.3404255319,72,0.7659574468,31,0.329787234,38,0.4042553191,71,0.7553191489,34,0.3617021277,47,0.5,75,0.7978723404,9.17,34.39,9.95,10.96,4.02,23.45,100,22,0.22,33,0.33,74,0.74,19,0.19,29,0.29,72,0.72,51,0.51,69,0.69,85,0.85,0.7923617717,0.1955046309,0.8168502085,0.8590231402,1.209378639,-0.3062196616,0.94,1.045454545,1.112185687,0.9696969697,1.031592521,0.972972973,1.035077631,1.631578947,1.735722284,1.310344828,1.393983859,0.9861111111,1.049054374,0.6666666667,0.7092198582,0.6811594203,0.7246376812,0.8823529412,0.9386733417
Summit Technology Group,https://summit-e.com/,No,Yes,UA,11.88297872,-0.6276595745,12.45744681,0.3829787234,1.85106383,-9.489361702,94,26,0.2765957447,32,0.3404255319,56,0.5957446809,27,0.2872340426,31,0.329787234,45,0.4787234043,70,0.7446808511,76,0.8085106383,89,0.9468085106,11.65957447,42.77659574,0,0,8.776595745,11.26595745,94,31,0.329787234,37,0.3936170213,63,0.670212766,94,1,94,1,94,1,53,0.5638297872,58,0.6170212766,71,0.7553191489,1.019160584,-0.01467296692,#DIV/0!,#DIV/0!,0.2109090909,-0.8423040604,1,0.8387096774,0.8387096774,0.8648648649,0.8648648649,0.8888888889,0.8888888889,0.2872340426,0.2872340426,0.329787234,0.329787234,0.4787234043,0.4787234043,1.320754717,1.320754717,1.310344828,1.310344828,1.253521127,1.253521127
Systems Design and Integration FL,http://www.sdiboston.com/,No,No,UA,13.75257732,7.391752577,12.81443299,-0.8659793814,2.309278351,5.154639175,97,30,0.3092783505,33,0.3402061856,59,0.6082474227,33,0.3402061856,40,0.412371134,64,0.6597938144,67,0.6907216495,75,0.7731958763,92,0.9484536082,10.57731959,20.69072165,3.804123711,1.030927835,2.402061856,2.721649485,97,32,0.3298969072,38,0.3917525773,62,0.6391752577,84,0.8659793814,85,0.8762886598,88,0.9072164948,71,0.7319587629,74,0.7628865979,87,0.8969072165,1.300194932,0.3572496263,3.368563686,-0.84,0.9613733906,1.893939394,1,0.9375,0.9375,0.8684210526,0.8684210526,0.9516129032,0.9516129032,0.3928571429,0.3928571429,0.4705882353,0.4705882353,0.7272727273,0.7272727273,0.9436619718,0.9436619718,1.013513514,1.013513514,1.057471264,1.057471264
Tech Hifi SEO Setup,https://techifi.com/,7-20-22,No,UA,9.038461538,60.88461538,8.807692308,10.23076923,2.230769231,23.26923077,0,10,#DIV/0!,11,#DIV/0!,17,#DIV/0!,11,#DIV/0!,13,#DIV/0!,19,#DIV/0!,15,#DIV/0!,19,#DIV/0!,26,#DIV/0!,0.7692307692,14.76923077,0,0,0,0,0,23,#DIV/0!,23,#DIV/0!,26,#DIV/0!,26,#DIV/0!,26,#DIV/0!,26,#DIV/0!,26,#DIV/0!,26,#DIV/0!,26,#DIV/0!,11.75,4.122395833,#DIV/0!,#DIV/0!,#DIV/0!,#DIV/0!,#DIV/0!,0.4347826087,#DIV/0!,0.4782608696,#DIV/0!,0.6538461538,#DIV/0!,0.4230769231,#DIV/0!,0.5,#DIV/0!,0.7307692308,#DIV/0!,0.5769230769,#DIV/0!,0.7307692308,#DIV/0!,1,#DIV/0!
Valley Communications Systems,https://www.valleycommunications.com/,No,No,UA,8.138888889,16.27777778,7.638888889,-1.055555556,1.25,3.416666667,36,26,0.7222222222,26,0.7222222222,29,0.8055555556,26,0.7222222222,27,0.75,30,0.8333333333,30,0.8333333333,32,0.8888888889,34,0.9444444444,1.972222222,-2.222222222,0,0,1.833333333,-1.055555556,36,33,0.9166666667,33,0.9166666667,34,0.9444444444,36,1,36,1,36,1,31,0.8611111111,31,0.8611111111,34,0.9444444444,4.126760563,-7.325,#DIV/0!,#DIV/0!,0.6818181818,-3.236842105,1,0.7878787879,0.7878787879,0.7878787879,0.7878787879,0.8529411765,0.8529411765,0.7222222222,0.7222222222,0.75,0.75,0.8333333333,0.8333333333,0.9677419355,0.9677419355,1.032258065,1.032258065,1,1
Vineyard Sound,https://vineyardsoundint.com/,No,Yes,UA,3.90625,-3.359375,3.1875,-4.015625,2.9375,-5.09375,64,27,0.421875,29,0.453125,61,0.953125,37,0.578125,46,0.71875,59,0.921875,29,0.453125,46,0.71875,62,0.96875,6.064516129,21.59139785,6.537634409,4.225806452,2.107526882,11.66666667,93,37,0.3978494624,45,0.4838709677,79,0.8494623656,33,0.3548387097,36,0.3870967742,79,0.8494623656,56,0.6021505376,77,0.8279569892,90,0.9677419355,0.6441156915,-0.1555885832,0.4875616776,-0.9502624046,1.393813776,-0.4366071429,0.688172043,0.7297297297,1.060388514,0.6444444444,0.9364583333,0.7721518987,1.122033228,1.121212121,1.629261364,1.277777778,1.856770833,0.746835443,1.085245253,0.5178571429,0.7525111607,0.5974025974,0.8681006494,0.6888888889,1.001041667
Walbrandt Electric SEO Setup,https://www.walbrandtelectric.com/,No,Yes,UA,19.84615385,26.76923077,12.76923077,26.23076923,3.769230769,16.69230769,13,4,0.3076923077,4,0.3076923077,7,0.5384615385,5,0.3846153846,6,0.4615384615,8,0.6153846154,7,0.5384615385,8,0.6153846154,12,0.9230769231,9.5,0,7.625,0,0.6875,0,16,10,0.625,10,0.625,11,0.6875,11,0.6875,11,0.6875,12,0.75,14,0.875,15,0.9375,16,1,2.089068826,#DIV/0!,1.674653216,#DIV/0!,5.482517483,#DIV/0!,0.8125,0.4,0.4923076923,0.4,0.4923076923,0.6363636364,0.7832167832,0.4545454545,0.5594405594,0.5454545455,0.6713286713,0.6666666667,0.8205128205,0.5,0.6153846154,0.5333333333,0.6564102564,0.75,0.9230769231
Wicked Smart Homes,https://www.wickedsmarthomes.com/,No,Yes,GA4,N/A,N/A,N/A,N/A,N/A,N/A,N/A,N/A,N/A,N/A,N/A,N/A,N/A,N/A,N/A,N/A,N/A,N/A,N/A,N/A,N/A,N/A,N/A,N/A,N/A,N/A,N/A,N/A,N/A,N/A,N/A,N/A,N/A,N/A,N/A,N/A,N/A,N/A,N/A,N/A,N/A,N/A,N/A,N/A,N/A,N/A,N/A,N/A,N/A,N/A,N/A,N/A,N/A,N/A,N/A,N/A,N/A,N/A,N/A,N/A,N/A,N/A,N/A,N/A,N/A,N/A,N/A,N/A,N/A,N/A,N/A,N/A,N/A,N/A,N/A
Wilkcomm Reno (Atlas),https://www.wilkcomm.net/,No,Yes,UA,N/A,N/A,N/A,N/A,N/A,N/A,N/A,N/A,N/A,N/A,N/A,N/A,N/A,N/A,N/A,N/A,N/A,N/A,N/A,N/A,N/A,N/A,N/A,N/A,N/A,N/A,N/A,N/A,N/A,N/A,N/A,N/A,N/A,N/A,N/A,N/A,N/A,N/A,N/A,N/A,N/A,N/A,N/A,N/A,N/A,N/A,N/A,N/A,N/A,N/A,N/A,N/A,N/A,N/A,N/A,N/A,N/A,N/A,N/A,N/A,N/A,N/A,N/A,N/A,N/A,N/A,N/A,N/A,N/A,N/A,N/A,N/A,N/A,N/A,N/A
Wow Electronics,http://wow-electronics.com/,No,Yes,UA,7.388888889,2.111111111,#DIV/0!,#DIV/0!,0,0,#DIV/0!,#DIV/0!,#DIV/0!,12,#DIV/0!,15,#DIV/0!,18,#DIV/0!,18,#DIV/0!,18,#DIV/0!,14,#DIV/0!,14,#DIV/0!,16,#DIV/0!,0,0,#DIV/0!,#DIV/0!,0,0,#DIV/0!,#DIV/0!,#DIV/0!,18,#DIV/0!,18,#DIV/0!,18,#DIV/0!,18,#DIV/0!,18,#DIV/0!,18,#DIV/0!,18,#DIV/0!,18,#DIV/0!,#DIV/0!,#DIV/0!,#DIV/0!,#DIV/0!,#DIV/0!,#DIV/0!,#DIV/0!,#DIV/0!,#DIV/0!,0.6666666667,#DIV/0!,0.8333333333,#DIV/0!,1,#DIV/0!,1,#DIV/0!,1,#DIV/0!,0.7777777778,#DIV/0!,0.7777777778,#DIV/0!,0.8888888889,#DIV/0!
WSC SEO Setup,https://virginiahomeaudio.com/,No,Yes,UA,10.0462963,-9.398148148,9.333333333,-11.9537037,3.444444444,-4.351851852,108,27,0.25,37,0.3425925926,77,0.712962963,34,0.3148148148,42,0.3888888889,76,0.7037037037,60,0.5555555556,68,0.6296296296,93,0.8611111111,10.71153846,18.92307692,10.13461538,4.201923077,2.240384615,0.875,104,21,0.2019230769,31,0.2980769231,83,0.7980769231,16,0.1538461538,21,0.2019230769,80,0.7692307692,69,0.6634615385,82,0.7884615385,100,0.9615384615,0.9378948068,-0.4966501054,0.9209361164,-2.844817357,1.53743443,-4.973544974,1.038461538,1.285714286,1.238095238,1.193548387,1.149342891,0.9277108434,0.8933511825,2.125,2.046296296,2,1.925925926,0.95,0.9148148148,0.8695652174,0.8373590982,0.8292682927,0.7985546522,0.93,0.8955555556